the_Rank,the_institution,the_Overall,the_Teaching,the_Reseach,the_Citations,the_Industry Income,the_International Outlook,the_Country,year,cwur_year,cwur_institution,cwur_location,cwur_world_rank,cwur_national_rank,cwur_quality_of_education,cwur_alumni_employment,cwur_quality_of_faculty,cwur_research_performance,cwur_publications,cwur_influence,cwur_citations,cwur_broad_impact,cwur_patents,cwur_score
1,California Institute of Technology,94.8,95.7,98.2,99.9,97.0,56.0,United States,2012,2012,California Institute of Technology,USA,5,4,2,29,7,-,37,22,22,-,18,85.21
2,Harvard University,93.9,95.8,97.4,99.8,35.9,67.5,United States,2012,2012,Harvard University,USA,1,1,7,9,1,-,1,1,1,-,5,100.0
2,Stanford University,93.9,94.8,98.9,99.8,63.8,57.2,United States,2012,2012,Stanford University,USA,3,3,17,11,5,-,4,2,2,-,15,89.5
4,University of Oxford,93.6,89.5,96.6,97.9,62.1,91.9,United Kingdom,2012,2012,University of Oxford,United Kingdom,7,2,13,28,9,-,15,13,19,-,26,82.34
5,Princeton University,92.9,91.5,99.1,100.0,81.0,49.6,United States,2012,2012,Princeton University,USA,6,5,8,14,2,-,53,33,26,-,101+,82.5
6,University of Cambridge,92.4,90.5,94.2,97.3,55.5,85.3,United Kingdom,2012,2012,University of Cambridge,United Kingdom,4,1,10,24,4,-,16,16,11,-,50,86.17
7,Massachusetts Institute of Technology,92.3,92.7,87.4,100.0,94.4,79.2,United States,2012,2012,Massachusetts Institute of Technology,USA,2,2,9,17,3,-,12,4,4,-,1,91.67
8,Imperial College London,90.7,88.8,88.7,93.9,93.1,92.2,United Kingdom,2012,2012,Imperial College London,United Kingdom,28,3,84,73,35,-,26,26,29,-,41,57.53
9,University of Chicago,90.2,89.4,90.8,99.4,-,58.8,United States,2012,2012,University of Chicago,USA,11,9,15,26,8,-,34,20,28,-,101+,73.82
11,Yale University,89.1,92.3,91.2,96.7,34.7,55.5,United States,2012,2012,Yale University,USA,8,6,14,31,12,-,14,6,15,-,66,79.14
12,Columbia University,87.5,89.1,81.8,97.8,-,67.6,United States,2012,2012,Columbia University,USA,9,7,23,21,10,-,13,12,14,-,5,78.86
14,Johns Hopkins University,85.8,78.9,86.5,97.3,100.0,59.9,United States,2012,2012,Johns Hopkins University,USA,15,12,34,77,20,-,11,9,9,-,7,66.94
16,University of Pennsylvania,84.9,87.0,86.1,97.9,41.9,34.3,United States,2012,2012,University of Pennsylvania,USA,13,11,31,16,24,-,9,10,8,-,9,73.64
19,University of Toronto,81.6,76.9,87.4,86.5,44.9,69.0,Canada,2012,2012,University of Toronto,Canada,35,1,101+,101+,34,-,7,14,18,-,101+,53.43
20,Cornell University,80.5,70.4,87.2,93.5,-,53.4,United States,2012,2012,Cornell University,USA,12,10,21,42,14,-,22,21,16,-,10,73.69
21,Carnegie Mellon University,78.4,65.7,79.5,97.4,60.7,55.0,United States,2012,2012,Carnegie Mellon University,USA,43,31,30,81,26,-,101+,101+,61,-,101+,51.6
22,Duke University,77.4,62.6,77.9,97.4,100.0,46.9,United States,2012,2012,Duke University,USA,27,20,65,43,55,-,20,15,12,-,20,58.37
22,University of British Columbia,77.4,68.6,78.6,85.2,40.6,88.7,Canada,2012,2012,University of British Columbia,Canada,67,3,101+,101+,93,-,28,38,48,-,101+,47.74
24,Georgia Institute of Technology,77.0,66.6,73.8,91.9,99.2,65.0,United States,2012,2012,Georgia Institute of Technology,USA,87,56,101+,67,101+,-,79,101+,46,-,40,44.71
25,University of Washington - Seattle,76.5,70.8,74.0,98.2,31.8,36.9,United States,2012,2012,University of Washington - Seattle,USA,39,28,101+,101+,40,-,5,7,5,-,101+,52.25
26,Northwestern University,76.2,66.3,75.5,98.6,56.6,35.3,United States,2012,2012,Northwestern University,USA,33,23,101+,32,101+,-,24,25,20,-,35,54.4
28,McGill University,75.5,72.8,78.4,77.1,35.1,81.4,Canada,2012,2012,McGill University,Canada,41,2,70,91,54,-,33,39,47,-,101+,51.72
29,University of Texas at Austin,74.9,69.5,76.1,89.6,57.7,38.8,United States,2012,2012,University of Texas at Austin,USA,30,22,101+,78,27,-,41,47,40,-,57,56.18
32,Karolinska Institute,73.1,69.9,73.8,73.1,78.5,82.0,Sweden,2012,2012,Karolinska Institute,Sweden,70,1,51,101+,42,-,84,49,95,-,101+,47.61
36,University of Edinburgh,72.0,63.0,61.4,92.3,41.3,79.8,United Kingdom,2012,2012,University of Edinburgh,United Kingdom,60,1,71,101+,43,-,64,41,70,-,101+,48.43
41,Washington University in St. Louis,70.5,64.0,58.9,96.1,-,45.7,United States,2012,2012,Washington University in St. Louis,USA,37,26,74,62,101+,-,32,18,30,-,14,52.9
43,University of North Carolina at Chapel Hill,69.3,67.6,62.6,92.6,35.5,20.2,United States,2012,2012,University of North Carolina at Chapel Hill,USA,36,25,101+,86,56,-,31,29,31,-,29,53.09
44,New York University,69.0,60.2,65.4,92.3,30.9,38.1,United States,2012,2012,New York University,USA,23,16,89,75,17,-,42,24,34,-,62,60.55
48,University of Manchester,65.7,59.0,61.1,75.6,37.7,80.4,United Kingdom,2012,2012,University of Manchester,United Kingdom,76,5,101+,101+,75,-,52,70,63,-,101+,46.38
49,Brown University,65.6,59.8,53.6,93.9,34.9,33.4,United States,2012,2012,Brown University,USA,66,46,49,37,65,-,101+,73,92,-,101+,47.91
52,Kyoto University,64.8,76.4,72.0,56.3,71.7,21.1,Japan,2012,2012,Kyoto University,Japan,17,2,42,38,19,-,25,36,43,-,23,65.76
54,Boston University,64.2,60.7,46.2,95.6,27.6,37.2,United States,2012,2012,Boston University,USA,62,44,101+,101+,86,-,48,34,37,-,101+,48.31
55,University of Southern California,64.0,65.8,48.7,80.2,99.3,41.1,United States,2012,2012,University of Southern California,USA,44,32,101+,101+,63,-,46,48,32,-,23,51.38
58,University of Sydney,62.4,55.4,65.7,57.2,92.1,88.1,Australia,2012,2012,University of Sydney,Australia,94,2,101+,101+,101+,-,56,92,85,-,69,44.13
59,University of Pittsburgh - Pittsburgh Campus,62.0,54.3,53.9,88.7,37.5,26.5,United States,2012,2012,University of Pittsburgh - Pittsburgh Campus,USA,71,48,81,101+,101+,-,21,32,24,-,61,47.59
61,University of Zurich,61.9,56.7,45.9,78.4,43.5,87.4,Switzerland,2012,2012,University of Zurich,Switzerland,88,4,101+,101+,80,-,101+,69,99,-,101+,44.51
63,École Polytechnique,61.5,50.4,38.8,89.1,63.0,86.1,France,2012,2012,École Polytechnique,France,61,3,47,3,101+,-,101+,101+,101+,-,101+,48.33
66,University of Bristol,60.9,44.2,47.7,89.9,34.8,73.7,United Kingdom,2012,2012,University of Bristol,United Kingdom,98,7,101+,101+,78,-,75,81,86,-,101+,43.77
68,Utrecht University,60.4,42.8,53.2,85.7,59.3,58.1,Netherlands,2012,2012,Utrecht University,Netherlands,99,2,100,101+,101+,-,65,101+,60,-,101+,43.47
70,Vanderbilt University,59.6,52.1,47.6,86.8,64.4,26.8,United States,2012,2012,Vanderbilt University,USA,59,43,80,72,101+,-,50,35,49,-,101+,48.44
72,Rice University,59.0,45.9,38.0,99.9,36.2,39.7,United States,2012,2012,Rice University,USA,57,41,28,53,94,-,101+,101+,53,-,101+,48.76
75,Emory University,57.4,48.4,39.8,90.9,34.4,37.3,United States,2012,2012,Emory University,USA,81,53,101+,97,101+,-,54,37,50,-,46,45.47
77,Tufts University,57.3,45.8,37.4,94.5,35.4,41.3,United States,2012,2012,Tufts University,USA,86,55,60,41,101+,-,101+,95,75,-,101+,44.91
77,University of Colorado Boulder,57.3,39.5,42.6,98.2,-,30.8,United States,2012,2012,University of Colorado Boulder,USA,46,34,83,88,48,-,71,54,56,-,101+,50.68
79,Leiden University,57.0,45.4,55.3,71.7,48.6,54.4,Netherlands,2012,2012,Leiden University,Netherlands,85,1,88,101+,76,-,81,65,101+,-,101+,45.13
81,University of Rochester,56.8,47.0,33.5,94.5,36.4,45.7,United States,2012,2012,University of Rochester,USA,53,39,41,54,101+,-,82,68,54,-,62,49.51
88,Technical University of Munich,55.1,50.0,37.1,76.3,47.2,65.2,Germany,2012,2012,Technical University of Munich,Germany,90,3,52,101+,101+,-,91,76,94,-,101+,44.32
90,Dartmouth College,54.9,44.8,38.7,89.9,-,30.6,United States,2012,2012,Dartmouth College,USA,58,42,27,13,101+,-,101+,101+,101+,-,92,48.5
91,University of Helsinki,54.8,39.3,54.2,75.1,28.9,46.8,Finland,2012,2012,University of Helsinki,Finland,89,1,96,101+,79,-,62,64,54,-,101+,44.44
93,Case Western Reserve University,54.6,54.2,40.2,78.4,-,29.9,United States,2012,2012,Case Western Reserve University,USA,78,51,33,101+,101+,-,96,63,65,-,101+,46.11
97,University of Arizona,54.2,45.1,43.0,78.3,86.0,28.4,United States,2012,2012,University of Arizona,USA,50,37,101+,101+,88,-,45,42,45,-,27,50.29
113,University of Utah,51.9,42.1,41.0,82.3,-,23.3,United States,2012,2012,University of Utah,USA,38,27,92,101+,41,-,74,52,67,-,12,52.64
119,Osaka University,51.0,61.8,56.5,40.0,75.0,21.1,Japan,2012,2012,Osaka University,Japan,32,3,77,101+,44,-,39,44,51,-,11,54.43
120,Tohoku University,50.8,57.7,55.7,42.9,78.9,25.6,Japan,2012,2012,Tohoku University,Japan,79,5,53,101+,101+,-,49,100,67,-,29,45.82
121,Hebrew University of Jerusalem,50.4,47.7,56.4,48.4,25.0,53.0,Israel,2012,2012,Hebrew University of Jerusalem,Israel,22,2,24,93,13,-,101+,91,101+,-,28,60.76
124,Seoul National University,50.1,64.6,50.8,44.0,42.6,16.3,South Korea,2012,2012,Seoul National University,South Korea,75,1,101+,34,101+,-,44,101+,69,-,4,46.74
125,University of Florida,50.0,46.7,59.9,50.9,-,25.9,United States,2012,2012,University of Florida,USA,55,40,101+,101+,96,-,29,74,42,-,2,48.8
127,Arizona State University,49.9,38.2,39.0,80.3,28.7,26.1,United States,2012,2012,Arizona State University,USA,80,52,101+,101+,70,-,101+,101+,77,-,49,45.7
130,University of Geneva,49.8,34.9,39.0,65.1,32.7,97.5,Switzerland,2012,2012,University of Geneva,Switzerland,65,2,46,101+,29,-,101+,93,101+,-,101+,47.94
135,University of Copenhagen,49.0,37.8,31.6,72.1,37.0,74.8,Denmark,2012,2012,University of Copenhagen,Denmark,93,1,101+,101+,60,-,85,66,101+,-,101+,44.15
140,University of Nottingham,47.7,40.2,40.0,57.6,36.7,72.6,United Kingdom,2012,2012,University of Nottingham,United Kingdom,97,6,101+,101+,87,-,101+,101+,101+,-,92,43.79
166,Tel Aviv University,45.4,47.3,60.7,33.0,35.0,30.1,Israel,2012,2012,Tel Aviv University,Israel,56,4,97,101+,51,-,72,101+,101+,-,35,48.76
181,University of Oslo,43.6,33.5,36.9,56.6,29.0,63.9,Norway,2012,2012,University of Oslo,Norway,91,1,101+,101+,39,-,101+,101+,101+,-,101+,44.26
201-225,Nagoya University,-,45.5,39.2,43.8,33.1,21.2,Japan,2012,2012,Nagoya University,Japan,74,4,56,101+,69,-,101+,101+,101+,-,46,46.89
301-350,Sapienza University of Rome,-,29.6,27.2,29.2,32.8,32.4,Italy,2012,2012,Sapienza University of Rome,Italy,77,1,101+,101+,30,-,70,101+,101+,-,101+,46.34
